[
    [
        "react/babel",
        
        {
            "ver":"^1.1.0",
            "data":[
                "<script src=\"/js/react/react.js\"></script>",
                "<script src=\"/js/react/react-dom.js\"></script>",
                "<script src=\"/js/react/react.min.js\"></script>",
                "<script src=\"/js/react/react-dom.min.js\"></script>",
                "<script src=\"/js/babel/babel.js\"></script>"
                
            ]
        }
    ],
    [
        "comp",
        
        {
            "ver":"^1.0.0",
            "data":[
                "<script src=\"/js/elements/comp.js\" type=\"text/babel\"></script>"
                
            ]
        }
    ],
    [
        "render-app",
        
        {
            "ver":"^1.0.0",
            "data":[
                "<script src=\"/React-App\" type=\"text/babel\"></script>"
            ]
        }
    ],
    [
        "bootstrap/css",
        
        {
            "ver":"^1.1.0",
            "data":[
                "<link rel=\"stylesheet\" href=\"/css/bootstrap/bootstrap.css\">",
                "<link rel=\"stylesheet\" href=\"/css/bootstrap/bootstrap-grid.css\">",
                "<link rel=\"stylesheet\" href=\"/css/bootstrap/bootstrap-reboot.css\">"

                
            ]
        }
    ],
    [
        "bootstrap/js",
        
        {
            "ver":"^1.1.0",
            "data":[
                "<script src=\"/js/bootstrap/bootstrap.js\"></script>",
                "<script src=\"/js/bootstrap/bootstrap.bundle.js\"></script>"
                
            ]
        }
    ],
    [
        "jquery",
        
        {
            "ver":"^1.1.0",
            "data":[
                "<script src=\"/js/jquery/jquery.js\"></script>"
            ]
        }
    ],
    [
        "api-re",
        
        {
            "ver":"^1.1.0",
            "data":[
                "<script src=\"/js/api/api.js\"></script>"

            ]
        }
    ]
]